null;Aeroporto;34
null;Água Azul;34
null;Água Chata;34
null;Aguazul;34
null;Anita Garibaldi;34
null;Bonsucesso;34
null;Camargos;34
null;Centro;34
null;Chácara Cabuçu;34
null;Chácara das Lavras;34
null;Chácara do Vovô;34
null;Chácara São Luís;34
null;Cidade Aracilia;34
null;Cidade Brasil;34
null;Cidade Industrial Satélite de São Paulo;34
null;Cidade Jardim Cumbica;34
null;Cidade Maia;34
null;Cidade Martins;34
null;Cidade Nova Bonsucesso;34
null;Cidade Parque Alvorada;34
null;Cidade Parque Brasília;34
null;Cidade Parque São Luiz;34
null;Cidade Serodio;34
null;Cidade Soberana;34
null;Cidade Soimco;34
null;Cidade Tupinambá;34
null;Cocaia;34
null;Conjunto Marcos Freire;34
null;Conjunto Residencial Haroldo Veloso;34
null;Conjunto Residencial Paes Barros;34
null;Conjunto Residencial Paes de Barros;34
null;Cumbica;34
null;Gopoúva;34
null;Jardim Acácio;34
null;Jardim Adriana;34
null;Jardim Aeródromo;34
null;Jardim Aida;34
null;Jardim Álamo;34
null;Jardim Albertina;34
null;Jardim Aliança;34
null;Jardim Alice;34
null;Jardim Almeida Prado;34
null;Jardim Alvorada;34
null;Jardim América;34
null;Jardim Ana Maria;34
null;Jardim Angélica;34
null;Jardim Anny;34
null;Jardim Ansalca;34
null;Jardim Arapongas;34
null;Jardim Artidoro;34
null;Jardim Arujá;34
null;Jardim Bananal;34
null;Jardim Bandeirantes;34
null;Jardim Barbosa;34
null;Jardim Baruch;34
null;Jardim Bebedouro;34
null;Jardim Beirute;34
null;Jardim Bela Vista;34
null;Jardim Belvedere;34
null;Jardim Betel;34
null;Jardim Bom Clima;34
null;Jardim Bondança;34
null;Jardim Bonsucesso;34
null;Jardim Brasil;34
null;Jardim Campestre;34
null;Jardim Capri;34
null;Jardim Cardoso;34
null;Jardim Carvalho;34
null;Jardim Castanha;34
null;Jardim Célia;34
null;Jardim Centenário;34
null;Jardim City;34
null;Jardim Cocaia;34
null;Jardim Crepúsculo;34
null;Jardim Cristin Alice;34
null;Jardim Cristina;34
null;Jardim Cumbica;34
null;Jardim da Mamãe;34
null;Jardim das Acácias;34
null;Jardim das Andorinhas;34
null;Jardim das Hortências;34
null;Jardim das Nações;34
null;Jardim Diogo;34
null;Jardim Divinolandia;34
null;Jardim do Papai;34
null;Jardim do Triunfo;34
null;Jardim Dona Luíza;34
null;Jardim Dona Meri;34
null;Jardim Doraly;34
null;Jardim dos Afonsos;34
null;Jardim dos Cardoso;34
null;Jardim dos Olivas;34
null;Jardim dos Pimentas;34
null;Jardim Dourado;34
null;Jardim Eliana;34
null;Jardim Elizabeth;34
null;Jardim Ema;34
null;Jardim Eugênia;34
null;Jardim Eusonia;34
null;Jardim Fátima;34
null;Jardim Ferrão;34
null;Jardim Figueira;34
null;Jardim Flor da Montanha;34
null;Jardim Flor do Campo;34
null;Jardim Fortaleza;34
null;Jardim Frizzo;34
null;Jardim Gabriela;34
null;Jardim Gopoúva;34
null;Jardim Gracinda;34
null;Jardim Guaracy;34
null;Jardim Guarulhos;34
null;Jardim Guilhermino;34
null;Jardim Guimarães;34
null;Jardim Gumercindo;34
null;Jardim Hanna;34
null;Jardim Imperador;34
null;Jardim Ipanema;34
null;Jardim Iporanga;34
null;Jardim Irene;34
null;Jardim Iv Centenário;34
null;Jardim Izildinha;34
null;Jardim Jacy;34
null;Jardim Jade;34
null;Jardim Joemi;34
null;Jardim Jovaia;34
null;Jardim Kátia;34
null;Jardim Kawamoto;34
null;Jardim Kida;34
null;Jardim Las Vegas;34
null;Jardim Leblon;34
null;Jardim Leda;34
null;Jardim Leila;34
null;Jardim Lenize;34
null;Jardim Luciara;34
null;Jardim Madeirense;34
null;Jardim Maia;34
null;Jardim Maria Aparecida;34
null;Jardim Maria Carmo;34
null;Jardim Maria Clara;34
null;Jardim Maria de Lourdes;34
null;Jardim Maria Dirce;34
null;Jardim Maria do Carmo;34
null;Jardim Maria Helena;34
null;Jardim Maria Lourdes;34
null;Jardim Marilena;34
null;Jardim Mediterrâneo;34
null;Jardim Monte Alegre;34
null;Jardim Monte Alto;34
null;Jardim Monte Carmelo;34
null;Jardim Monte Santo;34
null;Jardim Moreira;34
null;Jardim Munhoz;34
null;Jardim Munira;34
null;Jardim Nazaret;34
null;Jardim Normândia;34
null;Jardim Nossa Senhora Aparecida;34
null;Jardim Nova Canaã;34
null;Jardim Nova Cidade;34
null;Jardim Nova Guarulhos;34
null;Jardim Nova Ipanema;34
null;Jardim Nova Taboão;34
null;Jardim Novo Portugal;34
null;Jardim Odete;34
null;Jardim Okuyama;34
null;Jardim Olivas;34
null;Jardim Oliveira;34
null;Jardim Oliveira I;34
null;Jardim Oliveira II;34
null;Jardim Ottawa;34
null;Jardim Palmira;34
null;Jardim Paraíso;34
null;Jardim Paraventi;34
null;Jardim Paulista;34
null;Jardim Pereira;34
null;Jardim Pimentas;34
null;Jardim Pinhal;34
null;Jardim Pinheiros;34
null;Jardim Planalto;34
null;Jardim Ponte Alta I;34
null;Jardim Ponte Alta II;34
null;Jardim Presidente Dutra;34
null;Jardim Quarto Centenário;34
null;Jardim Renee;34
null;Jardim Rizzo;34
null;Jardim Rodolfo;34
null;Jardim Rosa de Franca;34
null;Jardim Rosana;34
null;Jardim Rossi;34
null;Jardim Santa Bárbara;34
null;Jardim Santa Beatriz;34
null;Jardim Santa Cecília;34
null;Jardim Santa Clara;34
null;Jardim Santa Edwirges;34
null;Jardim Santa Emília;34
null;Jardim Santa Francisca;34
null;Jardim Santa Helena;34
null;Jardim Santa Ines;34
null;Jardim Santa Lídia;34
null;Jardim Santa Maria;34
null;Jardim Santa Mena;34
null;Jardim Santa Paula;34
null;Jardim Santa Rita;34
null;Jardim Santa Terezinha;34
null;Jardim Santa Vicência;34
null;Jardim Santo Afonso;34
null;Jardim Santo Eduardo;34
null;Jardim Santo Expedito;34
null;Jardim São Domingos;34
null;Jardim São Francisco;34
null;Jardim São Gabriel;34
null;Jardim São Geraldo;34
null;Jardim São João;34
null;Jardim São Jorge;34
null;Jardim São José;34
null;Jardim São Judas Tadeu;34
null;Jardim São Luís;34
null;Jardim São Manoel;34
null;Jardim São Paulo;34
null;Jardim São Ricardo;34
null;Jardim São Roberto;34
null;Jardim Scyntila;34
null;Jardim Silvestre;34
null;Jardim Sílvia;34
null;Jardim Sueli;34
null;Jardim Tabatinga;34
null;Jardim Taboão;34
null;Jardim Tamassia;34
null;Jardim Terezópolis;34
null;Jardim Testae;34
null;Jardim Tijuco;34
null;Jardim Toscana;34
null;Jardim Tranquilidade;34
null;Jardim Triunfo;34
null;Jardim Uirapuru;34
null;Jardim Valéria;34
null;Jardim Vera;34
null;Jardim Vermelhão;34
null;Jardim Vida Nova;34
null;Jardim Vila Galvão;34
null;Jardim Zaira;34
null;Jardim Zimbardi;34
null;Macedo;34
null;Mikail II;34
null;Nova Ponte Alta;34
null;Parque Cecap;34
null;Parque Continental;34
null;Parque Continental I;34
null;Parque Continental II;34
null;Parque Continental III;34
null;Parque Continental IV;34
null;Parque das Laranjeiras;34
null;Parque das Nações;34
null;Parque das Seringueiras;34
null;Parque Flamengo;34
null;Parque Gonçalves Jr;34
null;Parque Industrial Arami;34
null;Parque Industrial Cumbica;34
null;Parque Industrial Jardim São Geraldo;34
null;Parque Jandaia;34
null;Parque Jandaia Ii;34
null;Parque Jurema;34
null;Parque Marabá;34
null;Parque Maria Helena;34
null;Parque Mikail;34
null;Parque Nações;34
null;Parque Piratininga;34
null;Parque Primavera;34
null;Parque Renato Maia;34
null;Parque Residencial Bambi;34
null;Parque Santo Agostinho;34
null;Parque Santo Antônio;34
null;Parque Santos Dumont;34
null;Parque São Miguel;34
null;Parque Uirapuru;34
null;Picanço;34
null;Pimentas;34
null;Ponte Grande;34
null;Portal dos Gramados;34
null;Recanto Bom Jesus;34
null;Recreio São Jorge;34
null;Residencial Cerconi;34
null;Residencial E Comercial Guarulhos;34
null;Residencial Parque Cumbica;34
null;Sítio dos Britos;34
null;Sítio Recreio Rober;34
null;Sítio São Francisco;34
null;Taboão;34
null;Torres Tibagy;34
null;Várzea Palácio;34
null;Vila Adelaide Perella;34
null;Vila Adelita;34
null;Vila Aeroporto;34
null;Vila Aliança;34
null;Vila Almeida;34
null;Vila Alzira;34
null;Vila Anny;34
null;Vila Antonieta;34
null;Vila Aprazível;34
null;Vila Augusta;34
null;Vila Bancária;34
null;Vila Barros;34
null;Vila Bernardino;34
null;Vila Bom Lar;34
null;Vila Bremen;34
null;Vila Calegari;34
null;Vila Camargos;34
null;Vila Capitão Rabelo;34
null;Vila Carioca;34
null;Vila Carmela I;34
null;Vila Carmela II;34
null;Vila Cavadas;34
null;Vila Clotilde;34
null;Vila Cocaia;34
null;Vila Conceição;34
null;Vila das Bandeiras;34
null;Vila das Castanhas;34
null;Vila das Palmeiras;34
null;Vila Dona Antônia;34
null;Vila Endres;34
null;Vila Esplanada;34
null;Vila Ester;34
null;Vila Fanganielo;34
null;Vila Fátima;34
null;Vila Fiúza;34
null;Vila Flora;34
null;Vila Flórida;34
null;Vila Francisco Mineiro;34
null;Vila Galvão;34
null;Vila Girassol;34
null;Vila Gopoúva;34
null;Vila Harmonia;34
null;Vila Hermínia;34
null;Vila Hulda;34
null;Vila Imaculada;34
null;Vila Íris;34
null;Vila Itapegica;34
null;Vila Itapoan;34
null;Vila Izabel;34
null;Vila Izinha;34
null;Vila Lanzara;34
null;Vila Laurita;34
null;Vila Leda;34
null;Vila Leonor;34
null;Vila Lídio Santana;34
null;Vila Machados;34
null;Vila Malvinas;34
null;Vila Marajá;34
null;Vila Maranduba;34
null;Vila Maria Luíza;34
null;Vila Maria Tereza;34
null;Vila Maricy;34
null;Vila Marilda;34
null;Vila Melliani;34
null;Vila Mesquita;34
null;Vila Militar de Cumbica;34
null;Vila Milton;34
null;Vila Miriam;34
null;Vila Miss Velta;34
null;Vila Monteiro Lobato;34
null;Vila Moreira;34
null;Vila Nísia;34
null;Vila Nossa Senhora de Fátima;34
null;Vila Nova Bonsucesso;34
null;Vila Nova Cumbica;34
null;Vila Nova União;34
null;Vila Operária;34
null;Vila Paraíso;34
null;Vila Paulista;34
null;Vila Pedro Moreira;34
null;Vila Pires;34
null;Vila Planalto;34
null;Vila Progresso;34
null;Vila Rachid;34
null;Vila Real;34
null;Vila Renata;34
null;Vila Rica;34
null;Vila Rio de Janeiro;34
null;Vila Ristori;34
null;Vila Rosa Minelia;34
null;Vila Rosália;34
null;Vila Rute;34
null;Vila Sadokim;34
null;Vila Saiago;34
null;Vila Santa Maria;34
null;Vila Santíssima Anna;34
null;Vila Santo Antônio;34
null;Vila São Carlos;34
null;Vila São Gabriel;34
null;Vila São João;34
null;Vila São João Batista;34
null;Vila São Jorge;34
null;Vila São José;34
null;Vila São Judas Tadeu;34
null;Vila São Luís;34
null;Vila São Paulo;34
null;Vila São Pedro;34
null;Vila São Rafael;34
null;Vila São Ricardo;34
null;Vila Silveira;34
null;Vila Sirena;34
null;Vila Sítio dos Morros;34
null;Vila Sorocabana;34
null;Vila Tibagi;34
null;Vila Tijuco;34
null;Vila Trabalhista;34
null;Vila União;34
null;Vila Venditti;34
null;Vila Vicentina;34
null;Vila Yaya;34
null;Vila Zamataro;34
null;Vila Zanardi;34
