null;Jardim Aliança;31
null;Jardim Cabuçu;31
null;Vila Carolina;31
null;Vila Constância;31
null;Parque Edu Chaves;31
null;Vila Ester;31
null;Vila Germinal;31
null;Guapira;31
null;Vila Isabel;31
null;Jaçanã;31
null;Jardim Jaçanã;31
null;Conjunto Habitacional Jova Rural;31
null;Vila Laura;31
null;Vila Milagrosa;31
null;Jardim Modelo;31
null;Conjunto Residencial Montepio;31
null;Vila Nelson;31
null;Vila Nilo;31
null;Vila Nova Galvao;31
null;Vila Santa Terezinha;31
null;Chácara São Joao;31
null;MANDAQUI;31
null;Vila Amélia;31
null;Vila Aurora;31
null;Vila Basileia;31
null;Cantareira;31
null;Jardim Carlu;31
null;Vila Celeste;31
null;Jardim Emília;31
null;Chácara do Encosto;31
null;Jardim Flamingo;31
null;Vila Guaça;31
null;Horto Florestal;31
null;Imirim;31
null;Jardim Itatinga;31
null;Lauzane Paulista;31
null;Jardim Malba;31
null;Parque Mandaqui;31
null;Jardim Maninos;31
null;Jardim Ormendina;31
null;Jardim Paraíso;31
null;Pedra Branca;31
null;Sitio Pedra Branca;31
null;Vila Pedra Branca;31
null;Jardim Picolo;31
null;Vila Romero;31
null;Jardim Santa Inês;31
null;Conjunto Residencial Santa Terezinha;31
null;Conjunto Residencial Santo Antonio;31
null;Vila Santo Antonio;31
null;Vila Santos;31
null;Jardim Sônia;31
null;Jardim Vieira de Carvalho;31
null;Vila Vitorio Mazzei;31
null;SANTANA;31
null;Água Fria;31
null;Parque Anhembi;31
null;Vila Benevente;31
null;Vila Bianca;31
null;Jardim Carmem Verônica;31
null;Chora Menino;31
null;Jardim do Colégio;31
null;Jardim Guanandi;31
null;Vila Jose Casa Grande;31
null;Vila Mariza Mazzei;31
null;Vila Matias;31
null;Vila Pauliceia;31
null;Vila Rabelo;31
null;Jardim Santa Luzia;31
null;Santa Terezinha;31
null;Vila Santana;31
null;Jardim São Paulo;31
null;Vila Siciliano;31
null;Vila Vitoria;31
null;Vila Zélia;31
null;TREMEMBÉ;31
null;Vila Albertina;31
null;Jardim Ataliba Leonel;31
null;Barrocada;31
null;Jardim Bibi;31
null;Bortolândia;31
null;Vila Brasil;31
null;Campo Limpo;31
null;Parque Casa da Pedra;31
null;Jardim Cristina;31
null;Jardim Daysi;31
null;Jardim Denise;31
null;Vila Dornas;31
null;Jardim Entre Serras;31
null;Vila Esmeralda;31
null;Conjunto Fidalgo;31
null;Vila Fidalgo;31
null;Jardim Floresta;31
null;Jardim da Fonte;31
null;Vila Francisco Mentem;31
null;Furnas;31
null;Jardim Guapira;31
null;Jardim Iara;31
null;Jardim Ibira;31
null;Jardim Ibiratiba;31
null;Vila Irmãos Arnoni;31
null;Jardim Joamar;31
null;Jardim Joana D'arc;31
null;Jardim Lugo;31
null;Jardim Luiza;31
null;Jardim Maria Antônia;31
null;Vila Maria Augusta;31
null;Jardim Maria Cândida;31
null;Jardim Maria Nazaré;31
null;Vila Marieta;31
null;Jardim Mario Fonseca;31
null;Jardim Martins Silva;31
null;Jardim Miguel Mauricio;31
null;Vila Nova Mazzei;31
null;Parque Palmas do Tremembé;31
null;Vila Paulistana;31
null;Jardim Das Pedras;31
null;Vila Pereira;31
null;Parque Petrópolis;31
null;Jardim Piqueri;31
null;Sitio do Piqueri;31
null;Jardim Quarto Centenário;31
null;Parque Ramos De Freitas;31
null;Jardim Das Rosas;31
null;Vila Dos Rosas;31
null;Santa Cruz Do Corisco;31
null;Jardim Santa Marcelina;31
null;Jardim Santa Maria;31
null;Jardim São Luis;31
null;Jardim São Manoel;31
null;Vila Solear;31
null;Parque Residencial Tremembé;31
null;Vila Vieira;31
null;Jardim Virginia Bianca;31
null;Vila Virginia;31
null;Vila Zilda;31
null;TUCURUVI;31
null;Barro Branco;31
null;Jardim Barro Branco;31
null;Vila Cachoeira;31
null;Vila Constança;31
null;Vila Dom Pedro 2;31
null;Jardim Dona Leonor Mendes de Barros;31
null;Jardim Franca;31
null;Vila Gustavo;31
null;Jardim Kherlakian;31
null;Vila Mazzei;31
null;Jardim Nelson;31
null;Vila Nivi;31
null;Parada Inglesa;31
null;Vila Pedrosa;31
null;Parque Rodrigues Alves;31
null;Parque Vitoria;31
null;VILA GUILHERME;31
null;Vila Bariri;31
null;Carandiru;31
null;Coroa;31
null;Jardim Coroa;31
null;Chácara Cuoco;31
null;Jardim da Divisa;31
null;Vila Eleonore;31
null;Vila Isolina Mazzei;31
null;Vila Isolina;31
null;Vila Leonor;31
null;Vila Paiva;31
null;Vila Pizzotti;31
null;Vila Salvador Romeu;31
null;Vila Santa Catarina;31
null;Jardim Sara;31
null;Vila Vessoni;31
null;VILA MARIA;31
null;Jardim AndaraÍ;31
null;Jardim JapÃo;31
null;Vila Maria Alta;31
null;Vila Maria Baixa;31
null;Conjunto Promorar Vila Maria;31
null;Parque Vila Maria;31
null;Parque Novo Mundo;31
null;VILA MEDEIROS;31
null;Vila Alegria;31
null;Jardim Brasil;31
null;Vila Ede;31
null;Vila Elisa;31
null;Conjunto Promorar Fernão Dias;31
null;Jardim Guançã;31
null;Jardim Julieta;31
null;Vila Munhoz;31
null;Jardim Néila;31
null;Conjunto Habitacional Jardim Paulistano;31
null;Vila Sabrina;31
null;Anhanguera;31
null;Jardim Anhanguera;31
null;Parque Anhanguera;31
null;Jardim Britânia;31
null;Vila Chica Luiza;31
null;ardim Clei;31
null;arque Morro Doce;31
null;ardim Escócia;31
null;ila Jaraguá;31
null;hácara Maria Trindade;31
null;orado do Sol;31
null;ila Sulina;31
null;BRASILÂNDIA;31
null;Jardim Almanara;31
null;Jardim Alvorada;31
null;Jardim Ana Maria;31
null;Vila Áurea;31
null;Parque Belém;31
null;Jardim Brasília;31
null;Jardim Carumbé;31
null;Jardim dos Cunha;31
null;Jardim Damasceno;31
null;Vila Dulcina;31
null;Vila Elias Nigri;31
null;Jardim Elisa Maria;31
null;Jardim Elísio;31
null;Conjunto Promorar Estrada da Parada;31
null;Johab Sítio dos Francos;31
null;Jardim dos Francos;31
null;Jardim Guarani;31
null;Jardim dos Guedes;31
null;Parque Hollywood;31
null;Vila Icaraí;31
null;Jardim Irene;31
null;Jardim Ismênia;31
null;Vila Itaberaba;31
null;Jardim Ladeira Rosa;31
null;Jardim Magali;31
null;Jardim Maracanã;31
null;Jardim Maristela;31
null;Vila Nina;31
null;Pardim Ondina;31
null;Jardim Paulistano;31
null;Parque Pedroso;31
null;Vila Penteado;31
null;Jardim Princesa;31
null;Vila Real;31
null;Jardim Recanto;31
null;Vila Rica;31
null;Vila São Joao Batista;31
null;Vila São Joaquim;31
null;Vila Serralheiro;31
null;Vila Souza;31
null;Vila Terezinha;31
null;Parque Tiete;31
null;Jardim do Tiro;31
null;Vila Vista Alegre;31
null;Vila Zulmira Maria;31
null;CACHOEIRINHA;31
null;Vila Amália;31
null;Vila dos Andrades;31
null;Vila Angélica;31
null;Cj Hab Jardim Antártica;31
null;Vila Bela Vista;31
null;Vila Cachoeirinha;31
null;Campo da Água Branca;31
null;Sitio Casa Verde;31
null;Jardim Ceci;31
null;Jardim Centenário;31
null;Vila Continental;31
null;Vila Dionísia;31
null;Jardim Imirim;31
null;Jardim Nossa Senhora da Consolata;31
null;Cohab Vila Nova Cachoeirinha;31
null;Vila Nova Cachoeirinha;31
null;Vila Paulo Raveli;31
null;Jardim Peri Alto;31
null;Jardim Peri Novo;31
null;Jardim Peri;31
null;Vila Pita;31
null;Vila Roque;31
null;Jardim Santa Cruz;31
null;CASA VERDE;31
null;Vila Bandeirantes;31
null;Vila Baruel;31
null;Casa Verde Alta;31
null;Casa Verde Baixa;31
null;Casa Verde Media;31
null;Vila Célia;31
null;Vila Gouveia;31
null;Jardim Ibéria;31
null;Jardim das Laranjeiras;31
null;Parque Leo;31
null;Sítio do Mandaqui;31
null;Vila Minosi;31
null;Parque Peruche;31
null;Vila Rossin;31
null;Jardim São Bento;31
null;Jardim São Domingos;31
null;Jardim São Miguel;31
null;Parque Souza Aranha;31
null;Vila Vanda;31
null;FREGUESIA DO Ó;31
null;Vila Acre;31
null;Jardim Adélia;31
null;Vila Arcádia;31
null;Vila Bancária Munhoz;31
null;Vila Bela;31
null;Vila Bracaia;31
null;Vila Brito;31
null;Vila Bruna;31
null;Jardim Cachoeira;31
null;Vila Cardoso;31
null;Vila Cavaton;31
null;Vila do Congo;31
null;Vila Cruz das Almas;31
null;Chácara Domilice;31
null;Vila Dona América;31
null;Vila Elisabete;31
null;Vila Ferrucio;31
null;Vila Gonçalves;31
null;Vila Hebe;31
null;Vila Hermínia;31
null;Vila Iara;31
null;Vila Iório;31
null;Jardim Iracema;31
null;Vila Ismênia;31
null;Itaberaba;31
null;Parque Itaberaba;31
null;Vila Julio Cesar;31
null;Vila Liderlândia;31
null;Parque Mandi;31
null;Vila Manoel Lopes;31
null;Vila Marilu;31
null;Vila Marina;31
null;Vila Miriam;31
null;Moinho Velho;31
null;Jardim Monjolo;31
null;Jardim Monte Alegre;31
null;Parque Monteiro Soares;31
null;Morro Grande;31
null;Vila Morro Verde;31
null;Vila Nívea;31
null;Jardim Noêmia;31
null;Chácara Nossa Senhora Aparecida;31
null;Nossa Senhora do Ó;31
null;Vila Olga;31
null;Vila Palmeira;31
null;Vila Piccinin;31
null;Vila Portuguesa;31
null;Cj Hab Prestes Maia;31
null;Vila Primavera;31
null;Vila Progresso;31
null;Vila Ramos;31
null;Vila Regina;31
null;Chácara do Rosario;31
null;Vila Sá E Silva;31
null;Vila Santa Delfina;31
null;Vila São Francisco;31
null;Vila São Jorge;31
null;Parque São Luis;31
null;Jardim São Marcos;31
null;Vila São Vicente;31
null;Vila Schimidt;31
null;Vila Simões;31
null;Vila Siqueira;31
null;Vila Timóteo;31
null;Vila União;31
null;JARAGUÁ;31
null;Jardim Alvina;31
null;Vila Ana Rosa;31
null;Jardim Bandeirantes;31
null;Conjunto Habitacional Brigadeiro Eduardo Gomes;31
null;Vila Chica Luisa;31
null;Vila Clarice;31
null;Cidade D'abril;31
null;Parque Estadual do Jaraguá;31
null;Vila Ferrão;31
null;Vila Homero;31
null;Jardim Ipanema;31
null;Estância Jaraguá;31
null;Vila Jardim Zoológico;31
null;Jardim Jose Maria;31
null;Jardim Líder;31
null;Jardim Marilu;31
null;Parque Nações Unidas;31
null;Vila Nossa Senhora da Conceição;31
null;Vila Nova Parada;31
null;Parque Panamericano;31
null;Parada De Taipas;31
null;Cohab Pirituba;31
null;Jardim Pirituba;31
null;Jardim Rincão;31
null;Vila Santa Lucrécia;31
null;Vila Santo Estevam Reis;31
null;Jardim São João;31
null;Jardim Shangrila;31
null;Parque Jardim Taipas;31
null;Jardim Vivian;31
null;Cohab Voith;31
null;LIMÃO;31
null;Vila Barbosa;31
null;Vila Carbone;31
null;Vila Cristo Rei;31
null;Vila Diva;31
null;Vila Espanhola;31
null;Jardim das Graças;31
null;Bairro do Limão;31
null;Jardim Marina;31
null;Vila Marisbela;31
null;Chácara Morro Alto;31
null;Vila Morro Alto;31
null;Jardim do Morro;31
null;Conjunto Residencial Novo Pacaembu;31
null;Jardim Pereira Leite;31
null;Vila Prado;31
null;Jardim Primavera;31
null;Vila Santa Maria;31
null;Vila Santista;31
null;Vila São Luis;31
null;Jardim Tabor;31
null;PERUS;31
null;Jardim Adelfiore;31
null;Areião;31
null;Vila Caiuba;31
null;Vila Fanton;31
null;Vila Flamengo;31
null;Vila Inácio;31
null;Sítio Joá;31
null;Vila Malvina;31
null;Jardim dos Manacás;31
null;Chácara Maria Trindade;31
null;Vila Perus;31
null;Jardim do Russo;31
null;Vila São Paulo;31
null;Jardim Taipas;31
null;PIRITUBA;31
null;Jardim Anagilda;31
null;Recanto Anastácio;31
null;Vila Barreto;31
null;Vila Boacava;31
null;Vila Bonilha Nova;31
null;Vila Bonilha;31
null;Vila Catupia;31
null;Jardim Cidade Pirituba;31
null;City Recanto Anastácio;31
null;Vila Comercial;31
null;Jardim Felicidade;31
null;Vila Florentina;31
null;Vila Genioli;31
null;Vila Hermínia Lopes;31
null;Chácara Inglesa;31
null;Jardim Iris;31
null;Vila Itapeva;31
null;Jardim Líbano;31
null;Vila Liderança;31
null;Jardim Maggi;31
null;Vila Maria Trindade;31
null;Vila Mirante;31
null;Jardim Recanto Monte Alegre;31
null;Vila Moraes;31
null;Vila Nossa Senhora Aparecida;31
null;Vila Nossa Senhora Do Retiro;31
null;Vila Olga Cecília;31
null;Vila Palmeiras;31
null;Jardim Paquetá;31
null;Vila Pereira Barreto;31
null;Vila Pereira Cerca;31
null;Jardim dos Pinheiros;31
null;Piqueri;31
null;Parque Pirituba;31
null;Vila Pirituba;31
null;Vila Portugal;31
null;Jardim Regina;31
null;Vila Renato;31
null;Jardim Santa Mônica;31
null;Vila São Jose;31
null;Jardim São Jose;31
null;Jardim São Ricardo;31
null;Jardim Sidney;31
null;Vila Taiau;31
null;Vila Ursulina;31
null;Jardim Vista Linda;31
null;Conjunto Residencial Vista Verde;31
null;Jardim Vitória;31
null;Vila Zat;31
null;SÃO DOMINGOS;31
null;Parque Anhanquera;31
null;Vila Boaçava;31
null;City América;31
null;Vila Fiat Lux;31
null;Vila Guedes;31
null;Vila Jaguari;31
null;Jardim Jaraguá;31
null;Jardim Mangalot;31
null;Vila Mangalot;31
null;Parque Maria Domtila;31
null;Vila Maria Eugênia;31
null;Jardim Mutinga;31
null;Jardim Nardini;31
null;Jardim Santo Elias;31
null;Parque São Domingos;31
null;Jardim São Elias;31
null;Vila Soares;31